Name1;Example1;02079460006
Name2;Example2;02079460007
Name3;Example3;02079460008
Name4;Example4;02079460009
Name5;Example5;02079460010
Name6;Example6;02079460011
Name7;Example8;02079460012
Name8;Example8;02079460013
Name7;Example7;02079460014
Name9;Example9;02079460015
Name1;Example0;(020)79460016
Name1;Example2;02079460017
Name1;Example3;02079460018
Name1;Example4;02079460019
Name1;Example5;02079460020
Name1;Example6;02079460021
Name1;Example7;02079460022
Name1;Example8;02079460023
Name1;Example9;02079460024
Name1;Example1;02079460025
Name2;Example1;02079460026
Name3;Example1;02079460027
Name4;Example1;02079460028
Name5;Example1;02079460029
Name6;Example1;02079460030
Name7;Example1;02079460031
Name8;Example3;02079460032
Name9;Example4;02079460033
Name9;Example5;02079460034
Name0;Example6;02079460035
Name0;Example7;02079460036
Name0;Example8;02079460037
Name0;Example9;02079460038
Name0;Example9;02079460039
NameA;Example1;02079460040
NameA;Example2;02079460041
NameA;Example3;02079460042
NameA;Example4;02079460043
NameA;Example5;02079460044
NameA;Example6;02079460045
NameA;Example7;02079460046
NameA;Example8;02079460047
NameA;Example9;02079460048
NameA;Example01;02079460049
NameA;Example11;02079460050
NameA;Example21;02079460051
NameA;Example31;02079460052
NameB;Example1;02079460053
NameC;Example1;02079460054
NameD;Example1;02079460055
NameE;Example1;02079460056
NameF;Example1;02079460057
NameG;Example1;02079460058
NameH;Example1;02079460059
NameI;Example1;02079460060
NameJ;Example1;02079460061
NameK;Example1;02079460062
NameL;Example1;02079460063
NameM;Example1;02079460064
NameN;Example1;02079460065
NameO;Example1;02079460066
NameP;Example1;02079460067
NameQ;Example1;02079460068
NameR;Example1;02079460069
NameS;Example1;02079460070
NameT;Example1;02079460071
NameU;Example1;02079460072
NameV;Example1;02079460073
NameW;Example1;02079460074
Name1;ExampleA;02079460075
Name1;ExampleB;02079460076
Name1;ExampleC;02079460077
Name1;ExampleD;02079460078
Name1;ExampleE;02079460079
Name1;ExampleF;02079460080
Name1;ExampleG;02079460081
Name1;ExampleH;02079460082
Name1;ExampleI;02079460083
Name1;ExampleJ;02079460084
Name1;ExampleK;02079460085
Name1;ExampleL;02079460086
Name1;ExampleM;02079460087
Name1;ExampleN;02079460088
Name1;ExampleO;02079460089
Name1;ExampleP;02079460090
Name1;ExampleQ;02079460091
Name1;ExampleR;02079460092
Name1;ExampleS;02079460093
Name1;ExampleT;02079460094
Name1;ExampleU;02079460095
Name1;ExampleV;02079460096
Name1;ExampleW;02079460097
Name1;ExampleX;02079460098
Name1;ExampleY;02079460099
Name1;ExampleZ;02079460100
Name1;Example1;02079460101
Name2;Example2;02079460102
Name3;Example3;02079460103
Name4;Example4;02079460104
Name5;Example5;02079460105
Name6;Example6;02079460106
Name1;Example1;02079460107
Name1;Example11;02079460108
Name1;ExampleA1;02079460109
Name1;ExampleB1;02079460110
Name1;ExampleC1;02079460111
Name1;ExampleD1;02079460112
Name1;ExampleE1;02079460113
Name1;ExampleF1;02079460114
Name1;ExampleG1;02079460115
Name1;ExampleH1;02079460116
Name1;ExampleI1;02079460117
Name1;ExampleJ1;02079460118
Name1;ExampleK1;02079460119
Name1;ExampleL1;02079460120
Name1;ExampleM1;02079460121
Name1;ExampleN1;02079460122
Name1;ExampleO1;02079460123
Name1;ExampleP1;02079460124
Name1;ExampleQ1;02079460125
Name1;ExampleR1;02079460126
Name1;ExampleS1;02079460127
Name1;ExampleT1;02079460128
Name1;ExampleU1;02079460129
Name1;ExampleV1;02079460130
Name1;ExampleW1;02079460131
Name1;ExampleX1;02079460132
Name1;ExampleY1;02079460133
Name1;ExampleZ1;02079460134
AName1;Example1;02079460135
BName1;Example1;02079460136
CName1;Example1;02079460137
DName1;Example1;02079460138
EName1;Example1;02079460139
FName1;Example1;02079460140
GName1;Example1;02079460141
HName1;Example1;02079460142
IName1;Example1;02079460143
JName1;Example1;02079460144
KName1;Example1;02079460145
LName1;Example1;02079460146
MName1;Example1;02079460147
NName1;Example1;02079460148
OName1;Example1;02079460149
PName1;Example1;02079460150
QName1;Example1;02079460151
RName1;Example1;02079460152
SName1;Example1;02079460153
TName1;Example1;02079460154
UName1;Example1;02079460155
VName1;Example1;02079460156
WName1;Example1;02079460157
Name1;Example1;02079460158
Name1;Example1A;02079460159
Name1;Example1B;02079460160
Name1;Example1C;02079460161
Name1;Example1D;02079460162
Name1;Example1E;02079460163
Name1;Example1F;02079460164
Name1;Example1G;02079460165
Name1;Example1H;02079460166
Name1;Example1I;02079460167
Name1;Example1J;02079460168
Name1;Example1K;02079460169
Name1;Example1L;02079460170
Name1;Example1M;02079460171
Name1;Example1N;02079460172
Name1;Example1O;02079460173
Name1;Example1P;02079460174
Name1;Example1Q;02079460175
Name1;Example1R;02079460176
Name1;Example1S;02079460177
Name1;Example1T;02079460178
Name1;Example1U;02079460179
Name1;Example1V;02079460180
Name1;Example1W;02079460181
Name1;Example1X;02079460182
Name1;Example1Y;02079460183
Name1;Example1Z;02079460184
Name1;Example21;02079460185
Name1;Example1;02079460186
Name1;Example1;02079460187
Name1;Example188;02079460188
Name1;Example189;02079460189
Name1;Example190;02079460190
Name1;Example191;02079460191
Name1;Example121;02079460192
Name1;Example12;02079460193
Name1;Example13;02079460194
Name1;Example14;02079460195
Name;Example1;02079460196
Name;Example2;02079460197
Name;Example3;02079460198
Name;Example4;02079460199
Name;Example5;02079460200
Name;Example6;02079460201
Name;Example7;02079460202
Name;Example8;02079460203
Name;Example9;02079460204
Name;Example10;02079460205
Name;Example11;02079460206
Name;Example12;02079460207
Name;Example13;02079460208
Name;Example14;02079460209
Name;Example15;02079460210
Name;Example16;02079460211
Name;Example17;02079460212
Name;Example18;02079460213
Name;Example19;02079460214
Name1;Example21;02079460215
Name1;Example22;02079460216
Name1;Example23;02079460217
Name1;Example24;02079460218
Name1;Example101;02079460219
Name;Test1;02079460220
Name;Test2;02079460221
Name;Test3;02079460222
Name;Test4;02079460223
Name;Test5;02079460224
Name;Test6;02079460225
Name;Test7;02079460226
Name;Test8;02079460227
Name;Test9;02079460228
Name;Test0;02079460229
Name;Test11;02079460230
Name;Test12;02079460231
Name;Test14;02079460232
Name;Test13;02079460233
Name;Test15;02079460234
Name;Test16;02079460235
Name;Test17;02079460236
Name;Test18;02079460237
Name;Test19;02079460238
Name;Test20;02079460239
Name;Test21;02079460240
Name;Test22;02079460241
Name;Test23;02079460242
Name;Test24;02079460243
Name;Test25;02079460244
Name;Test26;02079460245
Name;Test27;02079460246
Name;Test29;02079460247
Name;Test30;02079460248
Name;Test31;02079460249
Name;Test32;02079460250
Name;Test33;02079460251
Name;Test34;02079460252
Name;Test35;02079460253
Name;Test36;02079460254
Name;Test37;02079460255
Name;Test38;02079460256
Name;Test39;02079460257
Name;Test40;02079460258
Name1;Test41;02079460259
Name1;Test42;02079460260
Name1;Test43;02079460261
Name1;Test44;02079460262
Name1;Test45;02079460263
Name1;Test46;02079460264
Name1;Test47;02079460265
Name1;Test48;02079460266
Name1;Test49;02079460267
Name1;Test50;02079460268
Name1;Test51;02079460269
Name1;Test52;02079460270
Name1;Test53;02079460271
Name1;Test54;02079460272
Name1;Test55;02079460273
Name1;Test56;02079460274
Name1;Test57;02079460275
Name1;Test58;02079460276
Name1;Test59;02079460277
Name1;Test60;02079460278
Name1;Test61;02079460279
Name1;Test62;02079460280
Name1;Test63;02079460281
Name1;Test64;02079460282
Name1;Test65;02079460283
Name1;Test66;02079460284
Name1;Test67;02079460285
Name1;Test68;02079460286
Name1;Test69;02079460287
Name1;Test;02079460288
Name2;Test;02079460289
Name3;Test;02079460290
Name4;Test;02079460291
Name5;Test;02079460292
Name6;Test;02079460293
Name7;Test;02079460294
Name8;Test;02079460295
Name9;Test;02079460296
Name10;Test;02079460297
Name11;Test;02079460298
Name12;Test;02079460299
Name13;Test;02079460300
Name14;Test;02079460301
Name15;Test;02079460302
Name16;Test;02079460303
Name17;Test;02079460304
Name18;Test;02079460305
Name19;Test;02079460306
Name20;Example1;02079460307
Name21;Test;02079460308
Name22;Test;02079460309
Name23;Test;02079460310
Name24;Test;02079460311
Name25;Test;02079460312
Name26;Test;02079460313
Name27;Test;02079460314
Name28;Test;02079460315
Name29;Test;02079460316
Name30;Test;02079460317
Name31;Test;02079460318
Name32;Test;02079460319
Name34;Test;02079460320
Name33;Test;02079460321
Name35;Test;02079460322
Name36;Test;02079460323
Name37;Test;02079460324
Name38;Test;02079460325
Name39;Test;02079460326
Name40;Test;02079460327
Name41;Test;02079460328
Name42;Test;02079460329
Name43;Test;02079460330
Name44;Test;02079460331
Name45;Test;02079460332
Name46;Test;02079460333
Name47;Test;02079460334
Name48;Test;02079460335
Name49;Test;02079460336
Name50;Test;02079460337
Name51;Test;02079460338
Name52;Test;02079460339
Name53;Test;02079460340
Name54;Test;02079460341
Name56;Test;02079460342
Name55;Test;02079460343
Name57;Test;02079460344
Name58;Test;02079460345
Name59;Test;02079460346
Name60;Test;02079460347
Name61;Test;02079460348
Name62;Test;02079460349
Name65;Test;02079460350
Name63;Test;02079460351
Name64;Test;02079460352
Name66;Test;02079460353
Name67;Test;02079460354
Name68;Test;02079460355
Name69;Test;02079460356
Name70;Test;02079460357
Name71;Test;02079460358
Name72;Test;02079460359
Name73;Test;02079460360
Name74;Test;02079460361
Name75;Test;02079460362
Name76;Test;02079460363
Name77;Test;02079460364
Name78;Example1;02079460365
Name79;Example1;02079460366
Name81;Example1;02079460367
Name82;Example1;02079460368
Name83;Example1;02079460369
Name84;Example1;02079460370
Name85;Example1;02079460371
Name86;Example1;02079460372
Name87;Example1;02079460373
Name88;Example1;02079460374
Name89;Example1;02079460375
Name90;Example1;02079460376
Name91;Example1;02079460377
Name92;Example1;02079460378
Name93;Example1;02079460379
Name94;Example1;02079460380
Name95;Example1;02079460381
Name96;Example1;02079460382
Name97;Example1;02079460383
Name98;Example1;02079460384
Name99;Example1;02079460385
Name9;Example1;02079460386
Name;1Test;02079460387
Name;2Test;02079460388
Name;3Test;02079460389
Name;4Test;02079460390
Name;5Test;02079460391
Name;6Test;02079460392
Name;7Test;02079460393
Name;8Test;02079460394
Name;9Test;02079460395
Name;10Test;02079460396
Name;11Test;02079460397
Name;12Test;02079460398
Name;13Test;02079460399
Name;14Test;02079460400
Name;15Test;02079460401
Name;16Test;02079460402
Name;17Test;02079460403
Name;18Test;02079460404
Name;19Test;02079460405
Name1;20Test;02079460406
Name1;21Test;02079460407
Name1;22Test;02079460408
Name1;23Test;02079460409
Name1;24Test;02079460410
Name1;25Test;02079460411
Name1;26Test;02079460412
Name1;27Test;02079460413
Name1;28Test;02079460414
Name1;29Test;02079460415
Name1;31Test;02079460416
Name1;32Test;02079460417
Name1;33Test;02079460418
Name1;34Test;02079460419
Name1;35Test;02079460420
Name1;36Test;02079460421
Name1;37Test;02079460422
Name1;38Test;02079460423
Name1;39Test;02079460424
Name1;40Test;02079460425
Name1;41Test;02079460426
Name1;42Test;02079460427
Name1;43Test;02079460428
Name1;44Test;02079460429
Name1;45Test;02079460430
Name1;46Test;02079460431
Name1;47Test;02079460432
Name2;1Test;02079460433
Name2;2Test;02079460434
Name2;3Test;02079460435
Name2;4Test;02079460436
Name2;5Test;02079460437
Name2;6Test;02079460438
Name2;7Test;02079460439
Name2;8Test;02079460440
Name2;9Test;02079460441
Name2;10Test;02079460442
Name2;11Test;02079460443
Name2;12Test;02079460444
Name2;13Test;02079460445
Name2;14Test;02079460446
Name2;15Test;02079460447
Name2;16Test;02079460448
Name2;17Test;02079460449
Name2;18Test;02079460450
Name2;19Test;02079460451
Name2;20Test;02079460452
Name2;21Test;02079460453
Name2;22Test;02079460454
Name2;23Test;02079460455
Name2;24Test;02079460456
Name2;25Test;02079460457
Name2;26Test;02079460458
Name2;27Test;02079460459
Name2;28Test;02079460460
Name2;29Test;02079460461
Name2;30Test;02079460462
Name2;31Test;02079460463
Name2;32Test;02079460464
Name2;33Test;02079460465
Name2;34Test;02079460466
Name2;35Test;02079460467
Name2;36Test;02079460468
Name2;37Test;02079460469
Name2;38Test;02079460470
Name2;39Test;02079460471
Name2;40Test;02079460472
Name2;44Test;02079460473
Name2;41Test;02079460474
Name2;42Test;02079460475
Name2;43Test;02079460476
Name2;44Test;02079460477
Name2;45Test;02079460478
Name2;46Test;02079460479
Name2;47Test;02079460480
Name2;48Test;02079460481
Name2;49Test;02079460482
Name2;50Test;02079460483
Name2;51Test;02079460484
Name2;52Test;02079460485
Name2;53Test;02079460486
Name2;54Test;02079460487
Name2;55Test;02079460488
Name2;59Test;02079460489
Name2;56Test;02079460490
Name2;57Test;02079460491
Name2;58Test;02079460492
Name2;59Test;02079460493
Name21;5Test;02079460494
Name22;5Test;02079460495
Name23;5Test;02079460496
Name24;5Test;02079460497
Name25;5Test;02079460498
Name26;5Test;02079460499
Name27;5Test;02079460500
Name28;5Test;02079460501
Name29;5Test;02079460502
Name3;Test0;02079460503
Name3;Test1;02079460504
Name3;Test2;02079460505
Name3;Test3;02079460506
Name3;Test4;02079460507
Name3;Test5;02079460508
Name3;Test6;02079460509
Name3;Test7;02079460510
Name3;Test8;02079460511
Name3;Test10;02079460512
Name3;Test11;02079460513
Name3;Test12;02079460514
Name3;Test13;02079460515
Name3;Test14;02079460516
Name3;Test15;02079460517
Name3;Test16;02079460518
Name3;Test17;02079460519
Name3;Test18;02079460520
Name3;Test19;02079460521
Name1;Test20;02079460522
Name1;Test21;02079460523
Name1;Test22;02079460524
Name1;Test23;02079460525
Name1;Test24;02079460526
Name1;Test25;02079460527
Name1;Test26;02079460528
Name1;Test27;02079460529
Name1;Test28;02079460530
Name1;Test29;02079460531
Name1;Test12;02079460532
Name1;Test42;02079460533
NameA;Test30;02079460534
NameA;Test31;02079460535
NameA;Test32;02079460536
NameA;Test33;02079460537
NameA;Test34;02079460538
NameA;Test35;02079460539
NameA;Test36;02079460540
NameA;Test37;02079460541
NameA;Test38;02079460542
NameA;Test40;02079460543
NameA;Test41;02079460544
NameA;Test42;02079460545
NameA;Test43;02079460546
NameA;Test44;02079460547
NameA;Test45;02079460548
NameA;Test46;02079460549
NameA;Test47;02079460550
NameA;Test48;02079460551
NameA;Test49;02079460552
Name1;Test50;02079460553
Name1;Test51;02079460554
Name1;Test52;02079460555
Name1;Test53;02079460556
Name1;Test54;02079460557
Name1;Test55;02079460558
Name1;Test56;02079460559
Name1;Test57;02079460560
Name1;Test58;02079460561
Name1;Test60;02079460562
Name1;Test61;02079460563
Name1;Test62;02079460564
Name1;Test63;02079460565
Name1;Test64;02079460566
Name1;Test65;02079460567
Name1;Test66;02079460568
Name1;Test67;02079460569
Name1;Test68;02079460570
Name1;Test69;02079460571
Name1;Test70;02079460572
Name1;Test71;02079460573
Name1;Test72;02079460574
Name1;Test73;02079460575
Name1;Test74;02079460576
Name1;Test75;02079460577
Name1;Test76;02079460578
Name1;Test77;02079460579
Name1;Test78;02079460580
Name1;Test79;02079460581
Name1;Test80;02079460582
Name1;Test81;02079460583
Name1;Test82;02079460584
Name1;Test83;02079460585
Name1;Test84;02079460586
Name1;Test85;02079460587
Name1;Test86;02079460588
Name1;Test87;02079460589
Name1;Test88;02079460590
Name1;Test89;02079460591
Name1;Test90;02079460592
Name1;Test91;02079460593
Name1;Test92;02079460594
Name1;Test93;02079460595
Name1;Test94;02079460596
Name1;Test95;02079460597
Name1;Test96;02079460598,,
Name1;Test97;02079460599,,
Name1;Test98;02079460600,,
Name1;Test99;02079460601,,
Name1;Test19;02079460602,,
Name1;Test29;02079460603,72,16
Name1;Example1;02079460604,,
Name1;Example1;02079460605,,
Name1;Example1;02079460606,,
Name1;Example1;02079460607,,
Name1;Example1;02079460608,,
Test;Name1;02079460609,,
Test;Name2;02079460610,,
Test;Name3;02079460611,,
Test;Name4;02079460612,,
Test;Name5;02079460613,,
Test;Name6;02079460614
Test;Name7;02079460615
Test;Name8;02079460616
Test;Name9;02079460617
Test;Name0;02079460618
Test;Name11;02079460619
Test;Name12;02079460620
Test;Name14;02079460621
Test;Name13;02079460622
Test;Name15;02079460623
Test;Name16;02079460624
Test;Name17;02079460625
Test;Name18;02079460626
Test;Name19;02079460627
Test;Name20;02079460628
Test;Name21;02079460629
Test;Name22;02079460630
Test;Name23;02079460631
Test;Name24;02079460632
Test;Name25;02079460633
Test;Name26;02079460634
Test;Name27;02079460635
Test;Name28;02079460636
Test;Name29;02079460637
Test;Name30;02079460638
Test;Name31;02079460639
Test;Name32;02079460640
Test;Name33;02079460641
Test;Name34;02079460642
Test;Name35;02079460643
Test;Name36;02079460644
Test;Name37;02079460645
Test;Name38;02079460646
Test;Name39;02079460647
Test;Name40;02079460648
Test;Name41;02079460649
Test;Name42;02079460650
Test;Name43;02079460651
Test;Name44;02079460652
Test;Name45;02079460653
Test;Name46;02079460654
Test;Name47;02079460655
Test;Name48;02079460656
Test;Name49;02079460657
Test;Name50;02079460658
Test;Name51;02079460659
Test;Name52;02079460660
Test;Name53;02079460661
Test;Name54;02079460662
Test;Name55;02079460663
Test;Name56;02079460664
Test;Name57;02079460665
Test;Name58;02079460666
Test;Name59;02079460667
Name1;Name60;02079460668
Name1;Name61;02079460669
Name1;Name62;02079460670
Name1;Name63;02079460671
Name1;Name64;02079460672
Name1;Name65;02079460673
Name1;Name66;02079460674
Name1;Name67;02079460675
Name1;Name68;02079460676
Name1;Name69;02079460677
Name1;Name70;02079460678
Name1;Name71;02079460679
Name1;Name72;02079460680
Name1;Name73;02079460681
Name1;Name74;02079460682
Name1;Name75;02079460683
Name1;Name76;02079460684
Name1;Name78;02079460685
Name1;Name77;02079460686
Name1;Name79;02079460687
Name1;Name80;02079460688
Name1;Name81;02079460689
Name1;Name82;02079460690
Name1;Name83;02079460691
Name1;Name84;02079460692
Name1;Name85;02079460693
Name1;Name86;02079460694
Name1;Name87;02079460695
Name1;Name88;02079460696
Name1;Name89;02079460697
Name1;Name90;02079460698
Name1;Name91;02079460699
Name1;Name92;02079460700
Name1;Name93;02079460701
Name1;Name94;02079460702
Name1;Name95;02079460703
Name1;Name96;02079460704
Name1;Name97;02079460705
Name1;Name98;02079460706
Name1;Name99;02079460707
Name1;Name100;02079460708
TestA;Name0;02079460709
TestA;Name1;02079460710
TestA;Name2;02079460711
TestA;Name3;02079460712
TestA;Name4;02079460713
TestA;Name5;02079460714
TestA;Name6;02079460715
TestA;Name7;02079460716
TestA;Name8;02079460717
TestA;Name9;02079460718
TestA;Name10;02079460719
Name1;Name11;02079460720
Name1;Name12;02079460721
Name1;Name13;02079460722
Name1;Name14;02079460723
Name1;Name15;02079460724
Name1;Name16;02079460725
Name1;Name17;02079460726
Name1;Name18;02079460727
Name1;Name19;02079460728
TestA;Name11;02079460729
TestA;Name12;02079460730
TestA;Name13;02079460731
TestA;Name14;02079460732
TestA;Name15;02079460733
TestA;Name16;02079460734
TestA;Name17;02079460735
TestA;Name18;02079460736
TestA;Name19;02079460737
TestA;Name20;02079460738
TestA;Name21;02079460739
TestA;Name22;02079460740
TestA;Name23;02079460741
TestA;Name24;02079460742
TestA;Name25;02079460743
TestA;Name26;02079460744
TestA;Name27;02079460745
TestA;Name28;02079460746
TestA;Name29;02079460747
TestA;Name30;02079460748
TestA;Name31;02079460749
TestA;Name33;02079460750
TestA;Name32;02079460751
TestA;Name34;02079460752
TestA;Name35;02079460753
TestA;Name36;02079460754
TestA;Name37;02079460755
TestA;Name38;02079460756
TestA;Name39;02079460757
TestA;Name40;02079460758
TestA;Name41;02079460759
TestA;Name42;02079460760
TestA;Name43;02079460761
TestA;Name44;02079460762
TestA;Name45;02079460763
TestA;Name46;02079460764
TestA;Name47;02079460765
TestA;Name48;02079460766
TestA;Name49;02079460767
TestA;Name50;02079460768
TestA;Name51;02079460769
TestA;Name52;02079460770
TestA;Name53;02079460771
TestA;Name54;02079460772
TestA;Name55;02079460773
TestA;Name56;02079460774
TestA;Name57;02079460775
TestA;Name58;02079460776
TestA;Name59;02079460777
TestA;Name60;02079460778
TestA;Name61;02079460779
TestA;Name62;02079460780
TestA;Name63;02079460781
TestA;Name64;02079460782
TestA;Name65;02079460783
TestA;Name66;02079460784
TestA;Name67;02079460785
TestA;Name68;02079460786
TestA;Name69;02079460787
TestA;Name70;02079460788
TestA;Name71;02079460789
TestA;Name72;02079460790
TestA;Name73;02079460791
TestA;Name74;02079460792
TestA;Name75;02079460793
TestA;Name76;02079460794
TestA;Name77;02079460795
TestA;Name78;02079460796
TestA;Name79;02079460797
TestA;Name80;02079460798
TestA;Name81;02079460799
TestA;Name82;02079460800
TestA;Name83;02079460801
TestA;Name84;02079460802
TestA;Name85;02079460803
TestA;Name86;02079460804
TestA;Name87;02079460805
TestA;Name88;02079460806
TestA;Name89;02079460807
TestA;Name90;02079460808
TestA;Name91;02079460809
TestA;Name92;02079460810
TestA;Name93;02079460811
TestA;Name94;02079460812
TestA;Name95;02079460813
TestA;Name96;02079460814
TestA;Name97;02079460815
TestA;Name98;02079460816
TestA;Name99;02079460817
TestB;Name;02079460818
TestB;Name0;02079460819
TestB;Name1;02079460820
TestB;Name2;02079460821
TestB;Name3;02079460822
TestB;Name4;02079460823
TestB;Name5;02079460824
TestB;Name6;02079460825
TestB;Name7;02079460826
TestB;Name8;02079460827
TestB;Name9;02079460828
TestB;Name10;02079460829
TestB;Name11;02079460830
TestB;Name12;02079460831
TestB;Name13;02079460832
TestB;Name14;02079460833
TestB;Name15;02079460834
TestB;Name16;02079460835
TestB;Name17;02079460836
TestB;Name18;02079460837
TestB;Name19;02079460838
TestB;Name21;02079460839
TestB;Name22;02079460840
TestB;Name23;02079460841
TestB;Name24;02079460842
TestB;Name25;02079460843
TestB;Name26;02079460844
TestB;Name27;02079460845
TestB;Name28;02079460846
TestB;Name29;02079460847
TestB;Name30;02079460848
TestB;Name31;02079460849
TestB;Name32;02079460850
TestB;Name33;02079460851
TestB;Name34;02079460852
TestB;Name35;02079460853
TestB;Name36;02079460854
TestB;Name37;02079460855
TestB;Name38;02079460856
TestB;Name39;02079460857
TestB;Name40;02079460858
TestB;Name41;02079460859
TestB;Name42;02079460860
TestB;Name43;02079460861
TestB;Name44;02079460862
TestB;Name45;02079460863
TestB;Name46;02079460864
TestB;Name47;02079460865
TestB;Name48;02079460866
TestB;Name49;02079460867
TestB;Name50;02079460868
TestB;Name51;02079460869
TestB;Name52;02079460870
TestB;Name53;02079460871
TestB;Name54;02079460872
TestB;Name55;02079460873
TestB;Name56;02079460874
TestB;Name57;02079460875
TestB;Name58;02079460876
TestB;Name59;02079460877
TestB;Name60;02079460878
TestB;Name61;02079460879
TestB;Name62;02079460880
TestB;Name63;02079460881
TestB;Name64;02079460882
TestB;Name65;02079460883
TestB;Name66;02079460884
TestB;Name67;02079460885
TestB;Name68;02079460886
TestB;Name69;02079460887
TestB;Name70;02079460888
TestB;Name71;02079460889
TestB;Name72;02079460890
TestB;Name73;02079460891
TestB;Name74;02079460892
TestB;Name75;02079460893
TestB;Name76;02079460894
TestB;Name77;02079460895
TestB;Name78;02079460896
TestB;Name79;02079460897
TestB;Name80;02079460898
TestB;Name81;02079460899
TestB;Name82;02079460900
TestB;Name83;02079460901
TestB;Name84;02079460902
TestB;Name85;02079460903
TestB;Name86;02079460904
TestB;Name87;02079460905
TestB;Name88;02079460906
TestB;Name89;02079460907
TestB;Name90;02079460908
TestB;Name91;02079460909
TestB;Name92;02079460910
TestB;Name93;02079460911
TestB;Name94;02079460912
TestB;Name95;02079460913
TestB;Name96;02079460914
TestB;Name97;02079460915
TestB;Name98;02079460916
TestB;Name98;02079460917
TestB;Name98;02079460918
TestB;Name98;02079460919
TestB;Name98;02079460920
TestB;Name98;02079460921
TestB;Name98;02079460922
TestB;Name98;02079460923
Name;TSymbian; +44 7700 90 0344
Name;TSymbian1; +44 7700 90 0345
Name;TSymbian2; +44 7700 90 0346
Name;TSymbian3; +44 7700 90 0347
Name;TSymbian4; +44 7700 90 0348
Name;TSymbian5; +44 7700 90 0349
Name;TSymbian6; +44 7700 90 0350
Name;TSymbian7; +44 7700 90 0351
Name;TSymbian8; +44 7700 90 0352
Name;TSymbian9; +44 7700 90 0353
Name;TSymbian10; +44 7700 90 0354
Name;TSymbian11; +44 7700 90 0355
Name;TSymbian12; +44 7700 90 0356
Name;TSymbian13; +44 7700 90 0357
Name;TSymbian14; +44 7700 90 0358
Name;TSymbian15; +44 7700 90 0359
Name;TSymbian16; +44 7700 90 0360
Name;TSymbian17; +44 7700 90 0361
Name;TSymbian18; +44 7700 90 0362
Name;TSymbian19; +44 7700 90 0363
Name;TSymbian20; +44 7700 90 0364
Name;TSymbian21; +44 7700 90 0365
Name;TSymbian22; +44 7700 90 0366
Name;TSymbian23; +44 7700 90 0367
Name;TSymbian24; +44 7700 90 0368
Name;TSymbian25; +44 7700 90 0369
Name;TSymbian26; +44 7700 90 0370
Name;TSymbian27; +44 7700 90 0371
Name;TSymbian28; +44 7700 90 0372
Name;TSymbian29; +44 7700 90 0373
Name;TSymbian30; +44 7700 90 0374
Name;TSymbian31; +44 7700 90 0375
Name;TSymbian32; +44 7700 90 0376
Name;TSymbian33; +44 7700 90 0377
Name;TSymbian34; +44 7700 90 0378
Name;TSymbian35; +44 7700 90 0379
Name;TSymbian36; +44 7700 90 0380
Name;TSymbian37; +44 7700 90 0381
Name;TSymbian38; +44 7700 90 0382
Name;TSymbian39; +44 7700 90 0383
Name;TSymbian40; +44 7700 90 0384
Name;TSymbian41; +44 7700 90 0385
Name;TSymbian42; +44 7700 90 0386
Name;TSymbian43; +44 7700 90 0387
Name;TSymbian44; +44 7700 90 0388
Name;TSymbian45; +44 7700 90 0389
Name;TSymbian46; +44 7700 90 0390
Name;TSymbian47; +44 7700 90 0391
Name;TSymbian48; +44 7700 90 0392
Name;TSymbian49; +44 7700 90 0393
Name;TSymbian50; +44 7700 90 0394
Name;TSymbian51; +44 7700 90 0395
Name;TSymbian52; +44 7700 90 0396
Name;TSymbian53; +44 7700 90 0397
Name;TSymbian54; +44 7700 90 0398
Name;TSymbian55; +44 7700 90 0399
Name;TSymbian56; +44 7700 90 0400
Name;TSymbian57; +44 7700 90 0401
Name;TSymbian58; +44 7700 90 0402
Name;TSymbian59; +44 7700 90 0403
Name;TSymbian60; +44 7700 90 0404
Name;TSymbian61; +44 7700 90 0405
Name;TSymbian62; +44 7700 90 0406
Name;TSymbian63; +44 7700 90 0407
Name;TSymbian64; +44 7700 90 0408
Name;TSymbian65; +44 7700 90 0409
Name;TSymbian66; +44 7700 90 0410
Name;TSymbian67; +44 7700 90 0411
Name;TSymbian68; +44 7700 90 0412
Name;TSymbian69; +44 7700 90 0413
Name;TSymbian70; +44 7700 90 0414
Name;TSymbian71; +44 7700 90 0415
Name;TSymbian72; +44 7700 90 0416
Name;TSymbian73; +44 7700 90 0417
Name;TSymbian74; +44 7700 90 0418
Name;TSymbian75; +44 7700 90 0419
Name;TSymbian76; +44 7700 90 0420
Name;TSymbian77; +44 7700 90 0421
Name;TSymbian78; +44 7700 90 0422
Name;TSymbian79; +44 7700 90 0423
Name;TSymbian80; +44 7700 90 0424
Name;TSymbian81; +44 7700 90 0425
Name;TSymbian82; +44 7700 90 0426
Name;TSymbian83; +44 7700 90 0427
Name;TSymbian84; +44 7700 90 0428
Name;TSymbian85; +44 7700 90 0429
Name;TSymbian86; +44 7700 90 0430
Name;TSymbian87; +44 7700 90 0431
Name;TSymbian88; +44 7700 90 0432
Name;TSymbian89; +44 7700 90 0433
Name;TSymbian90; +44 7700 90 0434
Name;TSymbian91; +44 7700 90 0435
Name;TSymbian92; +44 7700 90 0436
Name;TSymbian93; +44 7700 90 0437
Name;TSymbian94; +44 7700 90 0438
Name;TSymbian95; +44 7700 90 0439
Name;TSymbian96; +44 7700 90 0440
Name;TSymbian97; +44 7700 90 0441
Name;TSymbian98; +44 7700 90 0442
Name;TSymbian99; +44 7700 90 0443
NameA;TSymbian01; +44 7700 90 0444
NameA;TSymbian02; +44 7700 90 0445
NameA;TSymbian03; +44 7700 90 0446
NameA;TSymbian04; +44 7700 90 0447
NameA;TSymbian05; +44 7700 90 0448
NameA;TSymbian06; +44 7700 90 0449
NameA;TSymbian07; +44 7700 90 0450
NameA;TSymbian08; +44 7700 90 0451
NameA;TSymbian09; +44 7700 90 0452
NameA;TSymbian19; +44 7700 90 0453
NameA;TSymbian29; +44 7700 90 0454
NameA;TSymbian39; +44 7700 90 0455
NameA;TSymbian49; +44 7700 90 0456
NameA;TSymbian59; +44 7700 90 0457
